Country_Code,Squad,Num_Players,Age,Poss,MP,Starts,Min,90s,Gls,Ast,G_plus_A,G_minus_PK,PK,PKatt,CrdY,CrdR,Gls_per90,Ast_per90,G_plus_A_per90,G_minus_PK_per90,G_plus_A_minus_PK_per90
dz,Algeria,22,27.3,61.0,4,44,360,4.0,5,3,8,5,0,0,3,0,1.25,0.75,2.00,1.25,2.00
ar,Argentina,24,29.6,57.6,8,88,810,9.0,18,12,30,17,1,3,15,1,2.00,1.33,3.33,1.89,3.22
au,Australia,23,25.3,41.0,4,44,390,4.3,2,1,3,2,0,0,5,0,0.46,0.23,0.69,0.46,0.69
at,Austria,20,28.8,45.0,4,44,360,4.0,5,4,9,4,1,1,5,0,1.25,1.00,2.25,1.00,2.00
be,Belgium,23,29.2,51.2,6,66,570,6.3,13,10,23,12,1,1,6,1,2.05,1.58,3.63,1.89,3.47
ba,Bosnia–Herz,23,26.6,46.0,4,44,360,4.0,4,3,7,4,0,0,7,1,1.00,0.75,1.75,1.00,1.75
br,Brazil,22,29.2,53.0,5,55,450,5.0,10,8,18,9,1,2,8,0,2.00,1.60,3.60,1.80,3.40
cv,Cabo Verde,21,30.8,37.3,4,44,390,4.3,4,2,6,4,0,0,5,0,0.92,0.46,1.38,0.92,1.38
ca,Canada,22,26.9,54.4,5,55,450,5.0,8,3,11,8,0,0,11,0,1.60,0.60,2.20,1.60,2.20
co,Colombia,21,30.0,57.8,5,55,480,5.3,5,5,10,5,0,0,8,0,0.94,0.94,1.87,0.94,1.87
cd,Congo DR,21,28.8,40.0,4,44,360,4.0,5,3,8,4,1,1,6,0,1.25,0.75,2.00,1.00,1.75
ci,Côte d'Ivoire,22,25.5,49.8,4,44,360,4.0,5,4,9,5,0,0,4,0,1.25,1.00,2.25,1.25,2.25
hr,Croatia,19,29.1,49.8,4,44,360,4.0,6,5,11,6,0,0,4,0,1.50,1.25,2.75,1.50,2.75
cw,Curaçao,22,28.9,32.3,3,33,270,3.0,1,0,1,1,0,0,7,0,0.33,0.00,0.33,0.33,0.33
cz,Czechia,21,27.8,42.7,3,33,270,3.0,2,2,4,2,0,0,1,0,0.67,0.67,1.33,0.67,1.33
ec,Ecuador,21,26.8,55.8,4,44,360,4.0,2,2,4,2,0,0,8,1,0.50,0.50,1.00,0.50,1.00
eg,Egypt,21,29.3,51.4,5,55,480,5.3,8,8,16,8,0,0,12,0,1.50,1.50,3.00,1.50,3.00
eng,England,24,26.5,54.1,8,88,750,8.3,20,14,34,17,3,3,8,1,2.40,1.68,4.08,2.04,3.72
fr,France,22,26.9,55.9,8,88,720,8.0,20,18,38,19,1,2,6,0,2.50,2.25,4.75,2.37,4.62
de,Germany,23,28.1,65.0,4,44,390,4.3,11,10,21,10,1,1,3,0,2.54,2.31,4.85,2.31,4.62
gh,Ghana,22,27.4,36.3,4,44,360,4.0,2,1,3,2,0,0,6,0,0.50,0.25,0.75,0.50,0.75
ht,Haiti,18,28.6,42.7,3,33,270,3.0,1,1,2,1,0,0,7,0,0.33,0.33,0.67,0.33,0.67
ir,IR Iran,20,31.7,39.0,3,33,270,3.0,3,1,4,3,0,1,6,0,1.00,0.33,1.33,1.00,1.33
iq,Iraq,25,26.4,38.3,3,33,270,3.0,1,1,2,1,0,0,4,1,0.33,0.33,0.67,0.33,0.67
jp,Japan,24,27.5,46.3,4,44,360,4.0,8,7,15,8,0,0,4,0,2.00,1.75,3.75,2.00,3.75
jo,Jordan,20,28.2,30.7,3,33,270,3.0,3,3,6,3,0,0,4,0,1.00,1.00,2.00,1.00,2.00
kr,Korea Republic,20,28.2,63.0,3,33,270,3.0,2,2,4,2,0,0,4,0,0.67,0.67,1.33,0.67,1.33
mx,Mexico,25,27.6,52.2,5,55,450,5.0,10,7,17,9,1,1,4,1,2.00,1.40,3.40,1.80,3.20
ma,Morocco,23,26.0,59.0,6,66,570,6.3,10,9,19,10,0,0,7,0,1.58,1.42,3.00,1.58,3.00
nl,Netherlands,22,27.2,53.3,4,44,390,4.3,10,10,20,10,0,0,3,0,2.31,2.31,4.62,2.31,4.62
nz,New Zealand,17,28.1,47.0,3,33,270,3.0,4,3,7,4,0,0,4,0,1.33,1.00,2.33,1.33,2.33
no,Norway,25,27.1,52.2,6,66,570,6.3,12,10,22,12,0,1,3,0,1.89,1.58,3.47,1.89,3.47
pa,Panama,20,28.8,45.7,3,33,270,3.0,0,0,0,0,0,0,5,0,0.00,0.00,0.00,0.00,0.00
py,Paraguay,24,28.0,30.0,5,55,480,5.3,3,3,6,3,0,0,9,1,0.56,0.56,1.13,0.56,1.13
pt,Portugal,22,27.7,58.4,5,55,450,5.0,7,4,11,6,1,1,7,0,1.40,0.80,2.20,1.20,2.00
qa,Qatar,22,29.7,33.0,3,33,270,3.0,2,2,4,2,0,0,4,2,0.67,0.67,1.33,0.67,1.33
sa,Saudi Arabia,18,28.6,38.3,3,33,270,3.0,1,0,1,1,0,0,6,0,0.33,0.00,0.33,0.33,0.33
sct,Scotland,20,29.1,44.3,3,33,270,3.0,1,0,1,1,0,0,5,0,0.33,0.00,0.33,0.33,0.33
sn,Senegal,22,28.5,55.3,4,44,390,4.3,10,9,19,10,0,0,3,0,2.31,2.08,4.38,2.31,4.38
za,South Africa,19,26.7,48.0,4,44,360,4.0,2,1,3,1,1,1,5,2,0.50,0.25,0.75,0.25,0.50
es,Spain,22,26.3,64.1,8,88,750,8.3,13,10,23,12,1,1,6,0,1.56,1.20,2.76,1.44,2.64
se,Sweden,22,26.7,46.3,4,44,360,4.0,7,6,13,7,0,0,5,0,1.75,1.50,3.25,1.75,3.25
ch,Switzerland,23,29.4,54.0,6,66,600,6.7,10,6,16,8,2,2,8,1,1.50,0.90,2.40,1.20,2.10
tn,Tunisia,20,27.4,39.3,3,33,270,3.0,2,2,4,2,0,0,1,0,0.67,0.67,1.33,0.67,1.33
tr,Türkiye,23,26.6,66.3,3,33,270,3.0,3,3,6,3,0,0,2,0,1.00,1.00,2.00,1.00,2.00
uy,Uruguay,17,28.6,55.0,3,33,270,3.0,3,1,4,3,0,0,5,1,1.00,0.33,1.33,1.00,1.33
us,USA,24,26.7,56.8,5,55,450,5.0,9,4,13,9,0,0,7,1,1.80,0.80,2.60,1.80,2.60
uz,Uzbekistan,23,26.9,38.3,3,33,270,3.0,2,1,3,2,0,0,4,0,0.67,0.33,1.00,0.67,1.00
